"Ссылка","Код","Группа образовательных программ","Балл ЕНТ","Профильные предметы","Программы","Описание"
"https://ksu.edu.kz/enrollee/bakalavriat/6b1/b001-pedagogika-i-psihologiya/","B001","Педагогика и психология","75","Биология, География","6B01101 Педагогика и психология; 6B01102 Психология (IP)","Профессия педагога-психолога сегодня во всём мире считается одной из самых популярных среди молодежи. Востребованность профессии педагог - психолог всегда актуальна и эта актуальность только растет из года в год. По завершению обучения Вы сможете работать: в дошкольных организациях всех типов; общеобразовательных школах, в том числе школах-лицях, школах-гимназиях, малокомплектных школах, санаторных школах, спортивных школах, детских домах; специальных коррекционных организациях (школах-интернатах, классах для детей и подростков, с особыми образовательными потребностиями); учебных заведениях начального профессионального образования (лицеях); средних профессиональных учебных заведениях (колледжах)."
"https://ksu.edu.kz/enrollee/bakalavriat/6b1/b2/","B002","Дошкольное обучение и воспитание","75","Биология, География","6B01201 Дошкольное обучение и воспитание; 6B01202 Дошкольное образование (IP)","Воспитатель в детском саду – самый важный человек в жизни ребенка после родителей. Развитие ребенка, его восприятие мира, социализация во многом зависит от воспитателя. Воспитатель работает с малышами от года до 6 лет. По завершению обучения Вы сможете работать: во всех дошкольных организациях образования, в частных организациях образования, в управлении образования и других образовательных учреждениях."
"https://ksu.edu.kz/enrollee/bakalavriat/6b1/b3/","B003","Педагогика и методика начального обучения","75","Биология, География","6B01301 Педагогика и методика начального обучения; 6B01302 Начальное образование (IP)","Учитель начальных классов — это человек, который разбирается в азах каждого школьного предмета. Он знает, как привлечь внимание детей, как интересно преподнести тему, как увлечь обучением. Учитель младших классов сочетает в себе функции преподавателя, воспитателя и психолога. По завершению обучения Вы сможете работать: в общеобразовательных учебных заведениях, в специализированных школах, в учреждениях культуры и дополнительного образования, в частных школах."
"https://ksu.edu.kz/enrollee/bakalavriat/6b1/b4/","B004","Подготовка учителей начальной военной подготовки","75","Нормативы по видам спорта, Спортивные игры","6B01409 Начальная военная подготовка и физическая культура","По завершению обучения Вы сможете работать: специалистом физической культуры (учитель физической культуры, инструктор по спорту) в государственных и частных организациях дошкольного, школьного и средне-специального образования. специалистом по начальной военной подготовке в организациях образования (учитель НВП и др.) инструктором по спорту в дошкольной развивающем комплексе, дворце школьников, станции юных туристов, детском дворовом клубе, детско-юношеской спортивной школе, специализированных детско-юношеских школах олимпийского резерва и др.; специалистом в государственном и частном учреждении регулирования и развития физкультурно-спортивной деятельности (акимат, управление по спорту и др.)."
"https://ksu.edu.kz/enrollee/bakalavriat/6b1/b5/","B005","Подготовка учителей физической культуры","75","Нормативы по видам спорта, Спортивные игры","6B01401 Физическая культура и спорт; 6B01410 Физическая культура и спорт (IP)","По завершению обучения Вы сможете работать: специалистом физической культуры (учитель физической культуры, инструктор по спорту) в государственных и частных организациях дошкольного, школьного и средне-специального образования. инструктором по спорту/тренер/методист в дошкольной развивающем комплексе, дворце школьников, станции юных туристов, детском дворовом клубе, детско-юношеской спортивной школе, специализированных детско-юношеских школах олимпийского резерва и др.; специалистом в государственном и частном учреждении регулирования и развития физкультурно-спортивной деятельности (акимат, управление по спорту и др.)."
"https://ksu.edu.kz/enrollee/bakalavriat/6b1/b6/","B006","Подготовка учителей музыки","75","Исполнительское искусство, Демонстрация общих музыкальных способностей","6B01402 Музыкальное образование","По завершению обучения Вы сможете работать: в общеобразовательных школах, в школах искусств, в областной филармонии, в домах культуры, в студиях, в детских садах и колледжах."
"https://ksu.edu.kz/enrollee/bakalavriat/6b1/b7/","B007","Подготовка учителей художественного труда и черчения","75","Рисунок (рисунок маски лица человека, сделанного из гипса), Живопись (натюрморт)","6B01406 Визуальное искусство, художественный труд, графика и проектирование","По завершению обучения Вы сможете работать: в общеобразовательных школах, в школах искусств, в областной филармонии, в домах культуры, в студиях, в детских садах и колледжах."
"https://ksu.edu.kz/enrollee/bakalavriat/6b1/b9/","B009","Подготовка учителей математики","75","Математика, Физика","6B01501 Математика; 6B01518 Математика (IP)","По завершению обучения Вы сможете работать: учителями в средней школе, преподавателями в колледжах, средних профессиональных лицеях, специалистами в научных центрах, научно-исследовательских институтах, специалистами в организациях государственного управления, специалистами области компьютерного дизайна, робототехники, методистами и специалистами в организациях образования."
"https://ksu.edu.kz/enrollee/bakalavriat/6b1/b10/","B010","Подготовка учителей физики","75","Математика, Физика","6B01502 Физика; 6B01520 Физика (IP)","По завершению обучения Вы сможете работать: учителями в средней школе, преподавателями в колледжах, средних профессиональных лицеях, специалистами в научных центрах, научно-исследовательских институтах, специалистами в организациях государственного управления, специалистами области компьютерного дизайна, робототехники, методистами и специалистами в организациях образования."
"https://ksu.edu.kz/enrollee/bakalavriat/6b1/b11/","B011","Подготовка учителей информатики","75","Математика, Информатика","6B01510 Информатика, робототехника и проектирование","По завершению обучения Вы сможете работать: учителями в средней школе, преподавателями в колледжах, средних профессиональных лицеях, специалистами в научных центрах, научно-исследовательских институтах, специалистами в организациях государственного управления, специалистами области компьютерного дизайна, робототехники, методистами и специалистами в организациях образования."
"https://ksu.edu.kz/enrollee/bakalavriat/6b1/b12/","B012","Подготовка учителей химии","75","Биология, Химия","6B01504 Химия; 6B01511 Химия-Биология","По завершению обучения Вы сможете работать: учителем химии/биологии в школе, лицее, гимназии, колледже; в образовательных организациях общего, среднего профессионального образования; в научной деятельности (подготовка объектов исследований, выбор технических средств и методов испытаний, проведение экспериментальных исследований по заданной методике, обработка результатов эксперимента, подготовка отчета о выполненной работе); в отраслях экономики, связанных с химией (управление высокотехнологичным химическим оборудованием, работа с информационными системами, подготовка отчетов о выполненной работе); в структурных подразделениях (малочисленного трудового коллектива) для решения конкретных производственно-технологических задач химической направленности."
"https://ksu.edu.kz/enrollee/bakalavriat/6b1/b13/","B013","Подготовка учителей биологии","75","Биология, Химия","6B01505 Биология; 6B01512 Биология-Химия; 6B01515 Биология (IP)","По завершению обучения Вы сможете работать: учителем биологии/химии в школе, лицее, гимназии, колледже; специалистами научных исследований по профильным дисциплинам; в государственных структурах различного уровня (отделы образования, акиматы, лаборатории биологического и химического направлений и т.п.); на производствах биологического профиля."
"https://ksu.edu.kz/enrollee/bakalavriat/6b1/b14/","B014","Подготовка учителей географии","75","География, Всемирная история","6B01506 География; 6B01513 География-Биология","По завершению обучения Вы сможете работать: учителем географии в ср. школе, лицее, гимназии, колледже; в научно-исследовательских, академических институтах и высших учебных заведениях; в качестве инженеров в системах мониторинга за природной средой, сотрудников природоохранных организаций, в туристско-краеведческой и экологических учреждениях и др.; на объектах производственной и социальной инфраструктуры и т.д."
"https://ksu.edu.kz/enrollee/bakalavriat/6b1/b15/","B015","Подготовка учителей по гуманитарным предметам","75","Всемирная история, География","6B01601 История; 6B01603 История и обществознание (IP)","Объектами профессиональной деятельности выпускников являются : организации среднего и послесреднего образования, в том числе лицеи, колледжи, гимназии, научно-исследовательские институты и организации, институты повышения квалификации, издательства, библиотеки, методические кабинеты."
"https://ksu.edu.kz/enrollee/bakalavriat/6b1/b16/","B016","Подготовка учителей казахского языка и литературы","75","Казахский язык, Казахская литература","6B01701 Казахский язык и литература","По завершению обучения Вы сможете работать: в качестве учителя школы, преподавателем колледжа, литературным редактором, корректором, специалистом в пресс-службах государственных организаций переводчиком."
"https://ksu.edu.kz/enrollee/bakalavriat/6b1/b17/","B017","Подготовка учителей русского языка и литературы","75","Русский язык, Русская литература","6B01703 Русский язык и литература","По завершению обучения Вы сможете работать: в качестве учителя школы, преподавателем колледжа, литературным редактором, корректором, специалистом в пресс-службах государственных организаций переводчиком."
"https://ksu.edu.kz/enrollee/bakalavriat/6b1/b18/","B018","Подготовка учителей иностранного языка","75","Иностранный язык, Всемирная история","6B01705 Иностранный язык: два иностранных языка; 6B01709 Английский язык (IP)","По завершению обучения Вы сможете работать: в качестве учителя в школах и колледжах, в многочисленных коммерческих образовательных центрах, предлагающих платные курсы по изучению языков для учащихся разных возрастов в должности учителя иностранного языка, методистом."
"https://ksu.edu.kz/enrollee/bakalavriat/6b1/b20/","B020","Подготовка специалистов по специальной педагогике","75","Биология, География","6B01902 Специальная педагогика; 6B01903 Специальная педагогика (IP)","По завершению обучения Вы сможете работать : в центрах развития ребенка, в домах ребенка, в реабилитационных центрах, в центрах психолого-педагогической и медико-социального сопровождения, в психолого-медико-педагогические комиссиях и консультациях, в кабинетах психолого-педагогической коррекции, в специальных дошкольных учреждениях для детей с ООП, в специальных школах для детей с ООП, в службах сопровождения инклюзивного образования."
"https://ksu.edu.kz/enrollee/bakalavriat/6b02-iskusstvo-i-gumanitarnye-nauki/b34/","B034","История","50","Всемирная история, География","6B02201 История","По завершению обучения Вы сможете работать: в архивах, музеях, археологических лабораториях, в научно-исследовательских институтах, высших учебных заведениях, в государственных организациях и средствах массовой информации, в научных институтах, в кабинетах исторического обучения исследовательских центров, в акиматах, в библиотеках, в институтах повышения квалификации, в органах управления, департаментах, в культурно-образовательных центрах, в этнических центрах, в случае прохождения курсов педагогической переподготовки в школах."
"https://ksu.edu.kz/enrollee/bakalavriat/6b02-iskusstvo-i-gumanitarnye-nauki/b036-perevodcheskoe-delo/","B036","Переводческое дело","50","Иностранный язык, Всемирная история","6B02302 Переводческое дело (английский язык); 6B02303 Иностранная филология (английский язык)","По завершению обучения Вы сможете работать: в организациях, осуществляющих международную деятельность, в бюро по переводу, в посольствах и представительствах международных организаций, в министерствах, в агентствах по туризму, в издательствах, в профильных научных организациях, в библиотеках, в организациях культуры."
"https://ksu.edu.kz/enrollee/bakalavriat/6b02-iskusstvo-i-gumanitarnye-nauki/b37/","B037","Филология","50","Казахский язык, Казахская литература","6B02301 Казахская филология; 6B02304 Русская филология","Специалист может быть трудоустроен в таких отраслях как: Педагогическая. Филолог может работать не только преподавателем, но и репетитором. Бизнес-составляющая. Специалист может выступать мастером по деловому общению и правильной постановке речи. Именно филологи проводят тренинги по ораторскому искусству и мастерству ведения переговоров. При условии прохождения курсов педагогической переподготовки выпускнкии могут работать учителем в школе. Средства массовой информации. Филолог имеет ряд карьерных возможностей. Начав с корректора, данный специалист легко пробьется и в главные редакторы. Поскольку филолог в процессе обучения постоянно имеет дело с языком, речью и литературой, он должен уметь грамотно писать, четко и ясно излагать свои мысли. Филолог может стать специалистом в пресс-службах государственных организаций. Интернет-технологии. Редактирование, заливка информационной составляющей и формирование контента (копирайтер). Административный работник. Для специалистов государственных и частных учреждений очень важна грамотная речь, умение находить общий язык с людьми и логично излагать свои мысли, деловой этикет."
"https://ksu.edu.kz/enrollee/bakalavriat/6b3/b41/","В041","Психология","50","Биология, География","6B03101 Психология","По завершению обучения Вы сможете работать: консультирующим психологом, который ведет свою собственную практику, в образовательных учреждениях и научно-исследовательских институтах, в частных и государственных компаниях, в медицинских учреждениях и правоохранительных органах, в центрах реабилитации и социальной адаптации."
"https://ksu.edu.kz/enrollee/bakalavriat/6b3/b42/","B042","Журналистика и репортерское дело","50","Эссе, Собеседование","6B03201 Журналистика","По завершению обучения Вы сможете работать: в электронных и печатных СМИ Казахстана и стран СНГ, в национальных и зарубежных информационных агентствах, в пресс-службах государственных, коммерческих, финансовых структур и общественных организаций, в рекламных и PR-агентствах, в сфере SMM."
"https://ksu.edu.kz/enrollee/bakalavriat/6b3/b43/","B043","Библиотечное дело, обработка информации и архивное дело","50","Казахский/ Русский язык, Казахская/Русская литература","6B03202 Архивоведение, документоведение и музейное дело","По завершению обучения Вы сможете работать: в архивах; музеях; городских и областных государственных учрежденихя; научно-исследовательских институтах и организациях; археологических лабораториях; научно-исследовательских институтах; высших учебных заведениях; государственных организациях и средствах массовой информации; акиматах сельских, районных и областных центров; библиотеках; институтах повышения квалификации; органах управления, департаментах; культурно-образовательных центрах, этнических центрах."
"https://ksu.edu.kz/enrollee/bakalavriat/6b4/b44/","В044","Менеджмент и управление","50","Математика, География","6B04101 Экономика; 6B04102 Менеджмент; 6B04105 Государственное и местное управление","По завершению обучения Вы сможете работать: на производственных предприятиях; в налоговых и страховых организациях; в банках и кредитных организациях; в частных компаниях; в учреждениях образования и здравоохранения; на государственной службе."
"https://ksu.edu.kz/enrollee/bakalavriat/6b4/b45/","B045","Аудит и налогообложение","50","Математика, География","6B04103 Учет и аудит; 6В04107 Администрирование и правовое регулирование в сфере налогообложения","По завершению обучения Вы сможете работать: в различных компаниях и организациях, занимающихся бухгалтерским обслуживанием и аудитом компаний различных отраслей; в крупных компаниях, заниматься управленческим учетом, финансовым анализом, аудитом и т.д.; в государственных органах, заниматься контролем за бюджетом, проводить аудит, участвовать в разработке бюджетных программ; в банках, страховых компаниях, инвестиционных фондах."
"https://ksu.edu.kz/enrollee/bakalavriat/6b4/b46/","B046","Финансы, экономика, банковское и страховое дело","50","Математика, География","6B04104 Финансы","По завершению обучения Вы сможете работать: в государственных органах республиканского и территориального уровня: Национальном банке, в экономических службах различных министерств и ведомств,в Агентстве Республики Казахстан по регулированию и развитию финансового рынка, в Агентстве Республики Казахстан по финансовому мониторингу и др.; на производственных предприятиях; в налоговых и страховых организациях; в банках и кредитных организациях; в частных компаниях; в учреждениях образования и здравоохранения."
"https://ksu.edu.kz/enrollee/bakalavriat/6b4/b47/","B047","Маркетинг и реклама","50","Математика, География","6B04106 Маркетинг","В каких организациях может работать маркетолог? В организациях, осуществляющих международную деятельность, В министерствах, В коммерческих банках, В коммерческих предприятиях, В консалтинговых компаниях, В инвестиционных фондах, В страховых компаниях."
"https://ksu.edu.kz/enrollee/bakalavriat/6b4/b49/","B049","Право","75","Всемирная история, Основы права","6B04201 Юриспруденция; 6B04202 Международное право; 6В04203 Судебная и правоохранительная деятельность","По завершению обучения Вы сможете работать: в органах прокуратуры, внутренних дел, антикоррупционной службы, службы экономических расследований, в судебной системе, юрисконсультами, адвокатами, нотариусами, медиаторами, юристами в области казахстанского и международного права, специалистами в кадровой службе, государственными служащими, специалистами по судебному администрированию, сотрудниками правоохранительных и государственных органов, специалистами органов юстиции, местных исполнительных и представительных органов РК."
"https://ksu.edu.kz/enrollee/bakalavriat/6b5/b50/","B050","Биологические и смежные науки","50","Биология, Химия","6B05101 Биология; 6B05102 Биотехнология","По завершению обучения по образовательной программе "" 6B05101 Биология"" Вы сможете работать: в государственных управленческих организациях природных ресурсов и природопользования, акиматах и других учреждениях; в экологических службах и организациях, республиканских природоохранных ведомств; в научно-исследовательских институтах, в санитарно-эпидемиологических станциях; в национальных парках, селекционных центрах, биотехнологических лабораториях, заповедниках, зоопарках, ботанических садах, музеях природы; биологом-исследователем, микробиологом; преподавателем биологии в средних школах, гимназиях, колледжах; специалистом судебно-медицинской экспертизы. По завершению обучения по образовательной программе "" 6В05102 - Биотехнология "" Вы сможете работать: в научно-исследовательских институтах и вузах биотехнологического, биологического, медицинского, сельскохозяйственного профиля; на производственных предприятиях пищевой перерабатывающей, микробиологической и фармацевтической промышленностей; в экологических службах и организациях; в лабораториях по контролю за качеством и безопасностью пищевой, фармацевтической и сельскохозяйственной продукции; в исследовательских лабораториях, селекционных станциях; в организацииях образования."
"https://ksu.edu.kz/enrollee/bakalavriat/6b5/b51/","B051","Окружающая среда","50","Биология, География","6B05201 Экология","По завершению обучения Вы сможете работать: во всех организациях и предприятиях, которые используют природные ресурсы в производственном процессе (будь то вода, воздух, земля, лес и живые организамы) в управлении природных ресурсов и регулирования природопользованием, в департаменте экологии, в Казгидромете, в частных экологических организациях, в общественных организациях, заповедниках."
"https://ksu.edu.kz/enrollee/bakalavriat/6b5/b53/","B053","Химия","50","Химия, Биология","6B05302 Химия","По завершению обучения Вы сможете работать: менеджером в производственной лаборатории; инженером-химиком; сотрудником научно-исследовательских институтов; химиком-технологом; лаборантом; химиком-аналитиком; учителем химии; специалистом судебно-медицинской экспертизы."
"https://ksu.edu.kz/enrollee/bakalavriat/6b5/b54/","B054","Физика","50","Математика, Физика","6B05301 Физика","По завершению обучения Вы сможете работать: ведущими специалистами опытно-конструкторских бюро и фирм; экспертами в аналитических центрах общественных и государственных организациях; научными сотрудниками, ведущими инженерами, техниками-наладчиками, инженерами-метрологами, специалистами лаборатории радиоэлектронных измерений; медицинскими физиками, специалистами лаборатории в департаменте санитарно-эпидемиологического контроля; специалистами отдела метрологии в Национальном центре экспертизы и сертификации; в организациях среднего и средне-специального образования в качестве учителя физики, но для этого необходимо пройти курсы переподготовки кадров на 4-м курсе."
"https://ksu.edu.kz/enrollee/bakalavriat/6b5/b55/","B055","Математика и статистика","50","Математика, Физика","6В05401 Математика","По завершению обучения Вы сможете работать в качестве: ведущего специалиста математика-актуария в страховых компаниях; риск - менеджера в банках и банковских структурах; научного сотрудника, ведущего инженера-математика, математика-программиста; ведущего специалиста в Управлении государственных доходов; ведущего специалиста в Департаменте Бюро национальной статистики Агентства по стратегическому планированию и реформам Республики Казахстан; также можно работать и в организациях среднего и средне-специального образования в качестве учителя математики, но для этого необходимо пройти курсы переподготовки кадров на 4-м курсе."
"https://ksu.edu.kz/enrollee/bakalavriat/6b6/b57/","В057","Информационные технологии","50","Математика, Информатика","6B06102 Информационные системы; 6B06103 Информационные технологии и робототехника","По окончанию ОП ""6B06102 Информационные системы"" Вы сможете работать: менеджерами IT-технологий; aдминистраторами баз данных; системными администраторами; специалистами по ремонту компьютерной техники; программистами 1С:Предприятие; специалистами по информационной безопасности и защите информации; Web-дизайнерами и программистами; .NET –разработчиками; графическими дизайнерами. По окончанию ОП "" 6 B 06103 Информационные технологии и робототехника "" Вы можете работать: Разработчик программного обеспечения Программирование роботов Специалист по автономным системам (разработка и программирование дронов) Web-дизайнер Инженер по искусственному интеллекту Специалист по кибербезопасности Инженер по автоматизации IoT специалист Дополнительные навыки: Специалист по 3D - печати Специалист по виртуальной и дополненной реальности"
"https://ksu.edu.kz/enrollee/bakalavriat/6b7/b62/","В062","Электротехника и энергетика","50","Математика, Физика","6B07102 Электроэнергетика","Объектами профессиональной деятельности выпускников являются предприятия по производству, передаче, распределению и потреблению электроэнергии, а также все организации, связанные с потреблением электроэнергии. Бакалавры могут занимать первичные должности техника 1 категории, инженеров, младших научных сотрудников, инженеров-лаборантов, инженеров научно-исследовательских учреждений, конструкторских и проектных организаций без предъявления требований к стажу работы, и многие другие должности. По окончанию обучения Вы сможете: Выполнять модернизацию, проектирование, эксплуатацию электротехнических объектов; Выполнять работы по эксплуатации средств построения электротехнических систем; Выполнять сопровождение и усовершенствование электроснабжения предприятий различных отраслей промышленности; Проводить исследования основного и вспомогательного оборудования электрических станции и подстанций."
"https://ksu.edu.kz/enrollee/bakalavriat/6b7/b64/","В064","Механика и металлообработка","50","Математика, Физика","6B07103 Технологические машины и оборудование (машиностроение); 6В07105 Машиностроение","Инженер машиностроения - осуществляет разработку, планирование и организацию технологических процессов по сборке оборудования и обработке его деталей, разрабатывает проекты технологических машин и оборудования, работает с технологической оснасткой, выполняет расчеты при проектировании схемы цеха на предприятии. По окончанию Вы сможете работать: главным инженером; инженером-конструктором (конструктор); инженером-проектировщиком; технологом машиностроительного производства; инженером по наладке и испытаниям; инженером по ремонту; механиком, сервис-инженером."
"https://ksu.edu.kz/enrollee/bakalavriat/6b7/b65/","В065","Транспортная техника и технологии","50","Математика, Физика","6B07101 Транспорт, транспортная техника и технологии; 6B07106 Инжиниринг автомобильной промышленности","Объектами профессиональной деятельности выпускников являются: предприятия и организации, осуществляющие эксплуатацию транспортной техники, машиностроительные заводы, производящие транспортную технику и оборудование; конструкторские, проектные и технологические организации, машиноремонтные предприятия, фирменные и дилерские центры машиностроительных и ремонтных заводов, маркетинговые и транспортно-экспедиционные службы, службы управления транспортом. Где и кем можно работать? руководитель станции технического обслуживания автомобилей, оператор автоматизированных транспортных систем, техник альтернативного и экотранспорта, автоэксперт, инженер-механик 2.0, инженер по организации управления производством, инженер по подготовке производства, инженер-технолог, инженер по технической эксплуатации транспортной техники, преподаватель колледжа, научный сотрудник, конструктор, технолог, цифровой логист."
"https://ksu.edu.kz/enrollee/bakalavriat/6b7/b68/","В068","Производство продуктов питания","50","Биология, Химия","6B07201 Технология продовольственных продуктов; 6B07202 Технология переработки и производства продуктов из растительного сырья; 6B07203 Технология перерабатывающих и пищевых производств","Какие задачи выполняет технолог? Технолог отвечает за то, что и в какой последовательности нужно делать, чтобы получился готовый качественный товар. Наличие в штате производственного предприятия грамотного технолога делает его конкурентноспособным на рынке. Чем занимаются люди профессии технология перерабатывающих производств? выбор оборудования для предприятия; ведение технической документации (чертежи готовых изделий, схемы изготовления товара, производственные расчеты и пр.); контроль качества продукции; устранение неполадок, вызвавших изготовление бракованной продукции; введение в производственный процесс новых технологий, способных сделать товар конкурентоспособным (улучшение и удешевление производственных технологий) и пр.; испытание нового продукта и запуск серийного производства."
"https://ksu.edu.kz/enrollee/bakalavriat/6b7/b76/","В076","Стандартизация, сертификация и метрология (по отраслям)","50","Математика, Физика","6B07501 Стандартизация и сертификация при производстве пищевых продуктов","Стандартизация и сертификация - это целая наука, которая изучает, анализирует, обобщает и формулирует закономерности производственных процессов с целью достижения их оптимальной степени порядка. В практическом аспекте, заключается в разработке и применении нормативно-технических и методических документов на основе Государственной системы стандартизации. Применение разных форм и методов стандартизации и сертификации способствует развитию народного хозяйства, повышению эффективности производства и качества продукции, росту жизненного уровня населения. По завершению обучения Вы сможете работать: в центрах стандартизации, метрологии и сертификации; в лабораториях по поверке и калибровке приборов и оборудования; в испытательных лабораториях; в органах товарной экспертизы; в государственных и негосударственных организациях по контролю за качеством продукции; в организации по защите прав потребителей; в любых организациях, внедряющих новые виды продукции; на любых предприятиях менеджерами по качеству; в таможенной службе, налоговой полиции, в патентных бюро."
"https://ksu.edu.kz/enrollee/bakalavriat/6b8/b77/","B077","Растениеводство","50","Биология, Химия","6B08101 Агрономия","Агроном - это специалист, имеющий знания не только в области выращивания сельскохозяйственной продукции, но и хорошо разбирающийся в экономике, маркетинге, бухгалтерском учете, современных информационных системах. По окончанию обучения Вы сможете: Выполнять научные исследования в области агрономии (повышение урожайности, применение новейших методов обработки); Подбирать сорта растений в соответствии с особенностями климата; Выполнять агротехнические мероприятия по повышению плодородия почв и увеличению урожайности; Проверять качество семян и готовить их к посеву; Обследовать угодья с целью выявления болезней и вредителей растений; Продумывать схему борьбы с вредителями без ущерба растениям, почве и людям; Определять способы удобрения и рассчитывать дозы вносимых подкормок; Составлять схемы севооборота; Контролировать качество продукции и условия ее первичной переработки."
"https://ksu.edu.kz/enrollee/bakalavriat/6b8/b78/","B078","Животноводство","50","Биология, Химия","6B08201 Технология производства продуктов животноводства","Специалист т ехнологии производства продуктов животноводства занимается: производством, необходимых человеку, продуктов и материалов с помощью биологических объектов, ДНК-технологий и биологических процессов; осуществляет зоотехническую работу по улучшению племенных и продуктивных качеств сельскохозяйственных животных и птицы, выращиванию племенного молодняка; организует рациональное использование кормов, пастбищ, обеспечивает внедрение на комплексах прогрессивных технологий цифровизации, систем содержания, кормления, ухода за поголовьем, воспроизводства; контролирует качество животноводческой продукции, изучает причины его ухудшения и добивается их устранения, следит за сроками и графиками реализации продукции, сортировкой и выбраковкой скота для реализации; определяет соответствие производимой продукции требованиям стандартов. Объекты професси ональной деятельности специалиста: научно-исследовательские институты и вузы биологического, сельскохозяйственного профиля; животноводческие предприятия, в том числе – комлексы, племенные заводы, товарные фермы, репродуторы и др.: молочное/мясное скотоводство; племенное/продуктивное/спортивное коневодство; тонкорунное/полутонкорунное/грубошерстное/полугрубошерстное овцеводство; беконное/сальное/комбинированное свноводство; сельскохозяственная птица: яичная/мясное птицеводство; пчеловодство; рыбоводство; пушное звероводство; оленеводство; производственные предприятия (мясной, молочной, пчеловодческой, птицефабрики шерстной и др.) перерабатывающей промышленности; исследовательские лаборатории; селекционные, испытательные станции; организации образования."
"https://ksu.edu.kz/enrollee/bakalavriat/6b8/b183/","B183","Агроинженерия","50","Математика, Физика","6B08701 Аграрная техника и технология","Объектами профессиональной деятельности выпускников являются: Предприятия растениеводства и животноводства по производству, хранению, транспортировке и переработке продукции; предприятия технического обслуживания агротехнологических машин и оборудования; экологические предприятия; природоохранные предприятия; колледжи; хозяйства, организации и предприятия, специализирующиеся на проектировании, производстве, использовании и поставке агропромышленной техники, фермерские и крестьянские хозяйства; фирмы агропромышленного комплекса; конструкторские и проектировочные бюро. Где и кем можно работать? Инженер по внедрению новой техники и технологии, робототехник-животновод на молочных фермах, инженер по автоматизации и роботизации сельскохозяйственного производства (агроинформатик), специалист по экспорту сельхозпродукции, специалист по новым технологиям в сельском хозяйстве."
"https://ksu.edu.kz/enrollee/bakalavriat/6b9/b83/","B083","Ветеринария","50","Биология, Химия","6B09101 Ветеринарная медицина; 6B09102 Ветеринарная санитария","По завершению обучения по образовательной программе 6B09101 Ветеринарная медицина Вы сможете работать: во всех видах хозяйствующих субъектов с/х производства; на государственной службе ветеринарные инспектора областных, районных, территориальных управлениях; вет.специалисты местных исполнительных органов; ветеринарные врачи комитета ветеринарии; ветеринарные специалисты департаментов с/х; в ветеринарных клиниках, аптеках, зоомагазинахна фермах; в лабораториях и научно-исследовательских институтах; на сельскохозяйственных предприятиях (мясокомбинатах, птицефабриках); в питомниках; в зоопарках; в цирке; на санэпидстанции или пищевых контрольных станциях; в клубах служебного собаководства; на конных заводах, ипподрома; в компаниях, выпускающих корма. По завершению обучения по образовательной программе 6B09102 Ветеринарная санитария Вы сможете работать: специалистом отдела гигиены питания; специалистом санитарно-гигиенических исследований; ветеринарно-санитарный врачом (эксперт); врач (бактериолог); врач (вирусолог); врач (токсиколог); ветеринарно-санитарный инспектором; научным сотрудником научно-исследовательского института; преподавателем, научным сотрудником учебных заведений."
"https://ksu.edu.kz/enrollee/bakalavriat/6b11/b91/","B091","Туризм","50","География, Иностранный язык","6B11101 Туризм","Кем может работать наш выпускник? Туристские фирмы (менеджер туристского агентства и специалист в сфере туроперейтинга и организации отдыха, оператор по бронированию авиа и жд билетов), Менеджеры различных уровней в гостинично-ресторанных комплексах (менеджер по бронированию, администратор, консьерж и др.), Экскурсовод, Инструктор по спортивному туризму/специалист по организации активных и экстремальных туров, Event-менеджер."
"https://ksu.edu.kz/enrollee/bakalavriat/6b11/b92/","B092","Досуг","50","Исполнительское мастерство, Основы организационно-постановочной работы","6B11103 Культурно-досуговая деятельность в хореографическом исполнительстве; 6B11104 Актерское мастерство и организация театрализованных представлений","Творческие экзамены образовательной программы «Культурно-досуговая деятельность в хореографическом исполнительстве» Исполнение хореографической композиции вхарактереказахского танца (народный, стилизованный, обрядовый). Исполнение хореографической композиции по выбору (классический, народный, современный танец). Творческие экзамены образовательной программы «Актерское мастерство и организация театрализованных представлений» Исполнительское мастерство (чтение наизусть стихотворения, монолога, отрывка из литературно-художественного произведения) Основы организационно-постановочной работы (выявление артистических ритмических, музыкальных способностей, наличие пластики движения, танцевальные способности.)"
"https://ksu.edu.kz/enrollee/bakalavriat/6b11/b93/","B093","Ресторанное дело и гостиничный бизнес","50","Иностранный язык, География","6B11102 Ресторанное дело и гостиничный бизнес","Выпускники образовательной программы 6 B 11102 « Ресторанное дело и гостиничный бизнес » могут работать: в различных областях этой сферы, включая: разработка стратегии бизнеса, планированием бюджета, контролем финансовой деятельности, управлением персоналом; разработка меню, организацией обслуживания клиентов, подбором вин, кофе и других напитков, а также управлением ресурсами, необходимыми для обслуживания клиентов; работа с клиентами, включая привлечение новых клиентов, удержание старых, решение конфликтов; контроль качества продуктов и услуг, обеспечением соответствия стандартам и нормам, а также управлением процессом постоянного улучшения качества. Наши выпускники могут занять следующие должности: менеджер в индустрии гостеприимства и ресторанного дела; администратор, помощник руководителя; управляющий ресторана, гостиницы; руководитель службы приема и размещения в гостиницах; метрдотель, менеджер зала, администратор."
